﻿<?xml version="1.0" encoding="utf-8" ?>
<config>
  <categories>
    <category id="4" value="8" /><!-- 1% -->
    <category id="6" value="85" /><!-- 180 -->
    <category id="7" value="13" /><!--3.5% BARGES-->
    <category id="13" value="54" /><!--3.5% MED -->
    <category id="8" value="85" /><!--380 Sing-->
    <category id="9" value="18" /><!--Brent-->
    <category id="5" value="43" /><!--Dubai-->
    <category id="11" value="42" /><!--GC-->
    <category id="10" value="22" /><!--WTI-->
    <category id="12" value="48" /><!--Gasoil-->
  </categories>
</config>
